{
  "features": {
    "composite_scores": {
      "health": 98.37007658775083,
      "predictability": 1,
      "stability": 0.7956302037568278,
      "system_stress": 40.876601328716646
    },
    "correlations": {
      "cpu_errors": 0,
      "cpu_memory": 0.8430321485529105,
      "mem_errors": 0
    },
    "cpu": {
      "autocorrelation": 0.8879812710890989,
      "mean": 63.79837245303177,
      "stddev": 24.45662230300183,
      "trend": -0.2128760167877055,
      "volatility": 0.3833424170970309
    },
    "error_rate": {
      "mean": 0,
      "spikiness": 0,
      "stddev": 0,
      "trend": 0
    },
    "latency": {
      "mean": 0,
      "p95": 0,
      "p99": 0,
      "stddev": 0
    },
    "memory": {
      "autocorrelation": 0.7699945361356267,
      "mean": 72.45696530935706,
      "stddev": 16.64821749281104,
      "trend": -0.17552246139189143,
      "volatility": 0.22976697163248563
    },
    "patterns": {
      "period_length": "5s",
      "periodic": true,
      "seasonal": false
    }
  },
  "service": "sample-app",
  "timestamp": "2025-11-10T10:37:50Z",
  "window": "30m"
}
